Variable,Measurement_Unit,Optimal_Range,Frequency,Dependencies,Timing,Quantities,IoT_Application
Temperature,Celsius,55-65,Continuous,"Ambient_Temperature,Pile_Size,Microbial_Activity,Aeration",Throughout_Process,N/A,Temperature_Sensors
Moisture_Content,Percentage,40-60,Daily,"Rainfall,Evaporation_Rate,Waste_Composition,Aeration",Throughout_Process,Add_Water_Or_Dry_Materials,Moisture_Sensors
Oxygen_Levels,Percentage,>5,Continuous,"Pile_Density,Moisture_Content,Particle_Size",Throughout_Process,N/A,Oxygen_Sensors
pH_Level,pH_Scale,6.0-8.0,Daily,"Waste_Composition,Microbial_Activity,Moisture_Content",Throughout_Process,Add_Lime_Or_Sulfur,pH_Sensors
Carbon_Nitrogen_Ratio,Ratio,25:1-30:1,At_Setup_And_Addition,"Waste_Composition,Microbial_Activity",At_Setup_And_Addition,Adjust_Carbon_Nitrogen_Materials,C_N_Estimation_Sensors
Pile_Volume,Cubic_Meters,System_Dependent,Weekly,"Waste_Input,Decomposition_Rate",Throughout_Process,N/A,Weight_Sensors_Or_Volume_Estimation
Particle_Size,Centimeters,1-5,At_Material_Addition,"Waste_Type,Shredding_Equipment",At_Material_Addition,Adjust_By_Shredding,Image_Processing
Odor_Levels,PPM,Minimal,Continuous,"Aeration,Moisture_Content,Carbon_Nitrogen_Ratio",Throughout_Process,N/A,Electronic_Nose_Sensors
Microbial_Activity,CO2_PPM,Stage_Dependent,Daily,"Temperature,Moisture,Oxygen_Levels,pH",Throughout_Process,Add_Microbial_Inoculants,CO2_Sensors
Compost_Maturity,Solvita_Scale,8-10,Weekly,All_Parameters,Later_Stages,N/A,Multi_Sensor_Estimation
Ambient_Temperature,Celsius,Climate_Dependent,Continuous,"Geographic_Location,Season",Throughout_Process,N/A,Weather_Station
Ambient_Humidity,Percentage,Climate_Dependent,Continuous,"Geographic_Location,Season",Throughout_Process,N/A,Weather_Station
Rainfall,Millimeters,Climate_Dependent,Continuous,"Geographic_Location,Season",Throughout_Process,N/A,Weather_Station
Bulk_Density,kg_per_cubic_meter,400-700,Weekly,"Waste_Composition,Decomposition_Stage",Throughout_Process,N/A,Weight_And_Volume_Sensors
Electrical_Conductivity,mS_per_cm,1-4,Weekly,"Moisture_Content,Waste_Composition",Throughout_Process,N/A,EC_Sensors
Total_Nitrogen,Percentage,0.5-2.5,Monthly,"Waste_Composition,Decomposition_Stage",Throughout_Process,N/A,Nitrogen_Sensors
Phosphorus_Content,PPM,0.2-0.5,Monthly,"Waste_Composition,Decomposition_Stage",Throughout_Process,N/A,Phosphorus_Sensors
Potassium_Content,PPM,0.5-1.8,Monthly,"Waste_Composition,Decomposition_Stage",Throughout_Process,N/A,Potassium_Sensors
Additive_Quantity,Kilograms,Additive_Dependent,As_Needed,"Compost_Conditions,Additive_Type",Based_On_Conditions,Vary_By_Additive,Additive_Tracking_System
